TDSFU Daily run: Fri Oct 24 19:32:27 UTC 2025 TDSFU
TDSFU Daily run: Sat Oct 25 04:33:51 UTC 2025 TDSFU
TDSFU Daily run: Sun Oct 26 04:34:04 UTC 2025 TDSFU
TDSFU Daily run: Mon Oct 27 04:43:26 UTC 2025 TDSFU
TDSFU Daily run: Tue Oct 28 04:36:40 UTC 2025 TDSFU
TDSFU Daily run: Wed Oct 29 04:41:57 UTC 2025 TDSFU
TDSFU Daily run: Thu Oct 30 04:36:00 UTC 2025 TDSFU
TDSFU Daily run: Fri Oct 31 04:39:34 UTC 2025 TDSFU
TDSFU Daily run: Sat Nov  1 04:34:05 UTC 2025 TDSFU
TDSFU Daily run: Sun Nov  2 04:36:00 UTC 2025 TDSFU
